date,name,type,tonnage,yard,note
2024-03-28,NISSHO MARU,ばら積み貨物船,36500,瀬戸内工場,燃費最適化の新船型
2024-02-10,SEA HARMONY,コンテナ船,12000,因島工場,フィーダー向け省エネ仕様
2023-11-02,HINODE,RO/RO船,19500,瀬戸内工場,電動ランプ採用
2023-07-18,GREEN SEED,ケミカルタンカー,12500,因島工場,LNG燃料対応
2023-05-09,DAIKICHI,ばら積み貨物船,42500,瀬戸内工場,バラスト水処理装置標準搭載
2022-12-14,SETO STAR,フェリー,9800,因島工場,瀬戸内航路向け
2022-08-22,ASIAN ROSE,自動車運搬船,17500,瀬戸内工場,デュアルフューエル
2022-03-03,OKINOSHIMA,ケミカルタンカー,11000,因島工場,低硫黄燃料対応
2021-10-17,FUTABA,ばら積み貨物船,38000,瀬戸内工場,AMS搭載
2021-04-09,SETONAIKAI,フェリー,9200,因島工場,船内Wi-Fi完備
2020-12-11,LADY BLUE,コンテナ船,13500,瀬戸内工場,ハイブリッドバウ
2020-06-26,MERCURY,自動車運搬船,16500,因島工場,太陽光アシスト
